Name,Type,Status,Location,Tags,Relationships,Background Story,Image,Race,Role,Notes,Appearance,Class,Faction
Queen Lysara,NPC,Alive,Eldenhold,,,"Queen Lysara is the unshakable ruler of Valeris, a woman of poise and ruthless pragmatism. With piercing emerald eyes and golden hair woven with silver, she radiates both wisdom and quiet authority. Her rule is not just defined by lineage but by sheer force of will—she has kept Valeris strong through war, diplomacy, and cold calculation. Though she presents herself as the kingdom’s benevolent protector, she knows that power must be maintained through careful manipulation, strategic alliances, and, when necessary, force. She relies on Captain Darian Veldrin to safeguard her reign but remains wary of the power he wields within the Iron Guard. Chamberlain Auron ensures the court remains functional, though she is well aware that his careful management of noble factions also serves his own interests. Selene Varro, her Master of Whispers, is indispensable, yet Lysara never forgets that spies have their own ambitions. She keeps a close eye on Elyssa Dorne, the noblewoman whose growing influence in Valeris, under the guise of philanthropy, could shift the balance of power if left unchecked. Queen Lysara plays the long game, ensuring that while others maneuver for influence, she always remains one step ahead.",Untitled/Queen_Lysara.webp,"Human, Female",Queen of Valeris,"A pragmatic ruler, skilled in politics and strategy, balancing power through manipulation and force.",,,
Captain Darian Veldrin,NPC,Alive,Eldenhold,,,"Captain Darian Veldrin is the sword and shield of Valeris, a hardened soldier turned commander of the Iron Guard. He is not a man of flowery words or courtly games—his authority comes from experience, discipline, and a reputation for never backing down. With close-cropped black hair, a battle-worn face, and a towering presence, he ensures that the palace remains untouchable and that the Queen’s enemies do not live long enough to become threats. Darian’s loyalty is to Valeris first and to the Queen second, though he would never admit it. He despises the political scheming of the nobility and holds a particular disdain for Chamberlain Auron, seeing him as a man who plays games with lives while Darian sheds blood to protect the kingdom. His uneasy relationship with Selene Varro, the Master of Whispers, is one of necessity rather than trust—her intelligence is useful, but he considers her work dishonorable. He barely tolerates Malrik Dunholm, the prison warden whose cruelty he sees as excessive, but he recognizes the necessity of maintaining order. He has crossed paths with Kaela Voss more than once, the bounty hunter operating outside the law but often cleaning up the messes that politics create. Though he follows orders without question, there are whispers in the court that should the Queen ever falter, it would not be an outside enemy that challenges her rule, but the man who commands her guard.",Untitled/Captain_Darian_Veldrin.jpg,"Human, Male",Captain of the Iron Guard,"A pragmatic ruler, skilled in politics and strategy, balancing power through manipulation and force.",,,
Chamberlain Auron,NPC,Alive,Eldenhold,,,"Chamberlain Auron is the silent architect of Valeris’ stability, a man whose power lies not in steel but in secrets. With silver hair always impeccably combed and sharp gray eyes that betray no emotion, he manages the kingdom’s bureaucracy with cold efficiency. He ensures the Queen’s decrees are enacted, the nobility remains in line, and that political dissent never reaches the point of crisis. Though publicly loyal to Queen Lysara, Auron serves Valeris itself, making decisions that sometimes circumvent royal authority for what he deems the greater good. His quiet influence frustrates Captain Darian Veldrin, who sees him as a man who manipulates lives without understanding the cost of blood. He maintains a professional yet cautious relationship with Selene Varro, knowing that the Master of Whispers sees more than she lets on. His true rivalry lies with Magister Halvar Greythorn, as both men see themselves as Valeris’ guiding hand, though they wield power through very different means. Elyssa Dorne has caught his attention as well—while her public works seem noble, Auron suspects she is playing a much deeper game, and he intends to find out exactly what it is before she gains too much influence.",Untitled/Chamberlain_Auron.webp,"Human, Male",Chief Administrator,"The kingdom’s silent power behind the throne, ensuring stability through calculated control.",,,
Selene Varro,NPC,Alive,Eldenhold,,,"Selene Varro is a shadow in the court, a woman whose power is whispered, never spoken. Her dark auburn hair is always hidden beneath a deep hood, and her pale blue-gray eyes hold the weight of too many secrets. As the Queen’s Master of Whispers, Selene controls an extensive network of spies, informants, and infiltrators, ensuring that nothing happens in Valeris without her knowledge. She speaks carefully, never revealing more than necessary, and her true motivations remain shrouded even from those she serves. Queen Lysara relies on her information, but trust is a fragile thing between rulers and spies. Captain Darian Veldrin keeps his distance, viewing her as a necessary evil, while Chamberlain Auron plays the delicate game of appearing cooperative while keeping his own secrets buried deep. Selene has long watched Magister Halvar Greythorn, knowing his rigid devotion to law makes him dangerous to those who operate in the shadows. Though she has no proof, she also suspects Old Man Griggs is more than a simple drunk—his ramblings have been too eerily accurate to be dismissed as mere madness. If there is one truth about Selene, it is that she serves only the balance of power, and she will remove anyone who disrupts it.",Untitled/Selene_Varro.webp,"Human, Female",Master of Whispers,"A feared spymaster who operates in the shadows, ensuring no secret remains hidden.",,,
Royal Archivist Edric Kael,NPC,Alive,Eldenhold,,,"Edric Kael is a quiet scholar who has watched the rise and fall of rulers from the depths of the royal archives. His half-elven heritage has granted him a long life, and his thinning white hair and tired blue eyes carry the weight of centuries of knowledge. He moves through the castle like a ghost, always present but rarely noticed, speaking in careful, measured tones. Unlike Chamberlain Auron, Edric does not seek power—he seeks preservation. He believes that knowledge is the only true constant, and he ensures that Valeris’ history is recorded with absolute truth, regardless of how it might inconvenience those in power. He maintains a strange, unspoken alliance with Selene Varro—her agents bring him whispers of forgotten texts and hidden knowledge, while he provides her with historical context for the power struggles she navigates. He respects Queen Lysara but does not entirely trust her, for all rulers seek to shape history in their own image. His closest intellectual rival is Archmage Vaelios of the Arcane Sanctum, whom he debates with regularly over the ethics of magic and forgotten lore. Though he rarely leaves the archives, he has been seen in conversation with Old Man Griggs, an oddity that has not gone unnoticed.",Untitled/Royal_Archivist_Edric_Kael.webp,"Half-Elf, Male",Royal Scholar,A scholar who values historical truth above political convenience.,,,
Archmage Vaelios,NPC,Alive,Eldenhold,,,"Archmage Vaelios is the unchallenged master of the Arcane Sanctum, a figure of ageless wisdom and barely restrained power. Though centuries old, his silver-white hair remains unblemished by time, and his deep violet eyes gleam with secrets few dare to comprehend. He moves with effortless grace, his indigo robes shifting like liquid starlight, embroidered with constellations that flicker and change. Vaelios detests politics but understands its necessity, begrudgingly engaging with Queen Lysara and Chamberlain Auron when required. He sees Magister Halvar Greythorn as a well-meaning fool, a man too rigid in his understanding of law to see the true complexities of power. His true rivalry lies with Royal Archivist Edric Kael—the two engage in long-winded philosophical debates, often arguing whether history should be remembered as it was or as it was intended to be. Though he dismisses many as beneath his intellect, he keeps a wary eye on Selene Varro, knowing that spies often have ways of uncovering knowledge best left forgotten. Vaelios also avoids Old Man Griggs, feigning disinterest but showing visible discomfort when the so-called ""drunken prophet"" lingers near the sanctum. He suspects Griggs is something unnatural, though he lacks the proof to confirm his suspicions.",Untitled/Archmage_Vaelios.webp,"High Elf, Male",Archmage,"Master of the Arcane Sanctum, wise and powerful with a deep knowledge of magic and politics.",,,
Sanctum Librarian Olara Veswyn,NPC,Alive,Eldenhold,,,"Olara Veswyn is the iron gatekeeper of the Arcane Sanctum’s vast archives, a woman whose presence commands obedience without raising her voice. Her dark brown hair is streaked with silver and always pulled into a severe bun, her keen gray eyes scanning every visitor for intent before granting them access to the tomes under her care. She enforces the sanctum’s rules with unwavering precision, ensuring that forbidden knowledge remains untouched by unworthy hands. Apprentices fear her, scholars respect her, and those who attempt to circumvent her authority often find themselves escorted out by unseen magical forces. Though she serves under Archmage Vaelios, she does not blindly follow him, challenging his decisions when she believes them reckless. She has a cautious but functional relationship with Selene Varro, occasionally granting her limited access to restricted texts in exchange for useful intelligence. She deeply respects Royal Archivist Edric Kael, considering him one of the few individuals who understands the weight of knowledge and its consequences. However, she has grown increasingly wary of Rivak the Hollow, suspecting the enigmatic supplier deals in magical artifacts of dangerous origin. While she holds no personal grudge against Nyx, she has banned the mischievous familiar from the archives, having grown tired of discovering books rearranged by unseen hands.",Untitled/Sanctum_Librarian_Olara_Veswyn.webp,"Human, Female",Librarian,A no-nonsense librarian who maintains order in the Sanctum’s vast archives.,,,
Pip Thistledown,NPC,Alive,Eldenhold,,,"Pip Thistledown is a whirlwind of words, energy, and unrelenting enthusiasm, his voice carrying across the bustling market square like a clarion call. Barely reaching the waists of most Valerians, his curly chestnut hair bounces as he dashes between stalls, waving parchment and shouting the latest decrees, rumors, and scandalous gossip. Despite his boisterous nature, Pip is sharper than he seems—he listens as much as he speaks, gathering information that often finds its way into the hands of those willing to pay. He has an uneasy relationship with Market Overseer Gerrold Dunn, who finds him obnoxious but begrudgingly useful when enforcing new laws. Pip, in turn, enjoys needling the gruff orc, exaggerating news just enough to make the overseer’s job harder. He and Renna ""Swiftfingers"" Lorne have a friendly rivalry, often competing to see who can uncover the most valuable secrets. While he feigns innocence, Pip is not above selling information to Selene Varro’s network, though he takes great care to ensure his dealings don’t get him into trouble. Despite his knack for avoiding conflict, he’s been known to cause problems for Sniv the Unlucky, loudly declaring his latest scam to the entire square just to see the goblin scramble.",Untitled/Pip_Thistledown.webp,"Halfling, Male",Town Crier,"A whirlwind of words, delivering gossip and rumors throughout the market.",,,
Gerrold Dunn,NPC,Alive,Eldenhold,,,"Gerrold Dunn looms over the Market District like an immovable force, his thick gray-green skin and scarred arms marking him as a man who has fought his way through life. Dressed in reinforced leather with the sigil of Valeris pinned to his chest, he is both feared and respected, keeping the market running with ruthless efficiency. He has no patience for thieves, frauds, or those who think they can outwit him—though he tolerates some level of underhanded dealings so long as they don’t disrupt order. His greatest frustration is Sniv the Unlucky, who has turned con artistry into an art form and somehow always manages to avoid arrest. Gerrold despises the goblin and would lock him away in Dunholm’s Hold if he ever caught him red-handed. He views Renna ""Swiftfingers"" Lorne with suspicion, knowing she operates within his district but never having enough proof to move against her. His relationship with Pip Thistledown is begrudgingly tolerant; he respects the halfling’s ability to keep the public informed but wishes he would stop making his job more difficult. Though he disdains politics, he occasionally reports suspicious activity to Magister Halvar Greythorn, ensuring that no merchant or noble grows too powerful unchecked.",Untitled/Gerrold_Dunn.webp,"Orc, Male",Market Overseer,"A tough orc who ensures the market runs smoothly, keeping order and discipline.",,,
"Renna ""Swiftfingers"" Lorne",NPC,Alive,Eldenhold,,,"Renna Lorne moves through the Market District like a shadow, her sleek black fur blending into the crowded streets as she slips between merchants and guards alike. With piercing golden eyes and an ever-present smirk, she carries herself with effortless confidence, always one step ahead of those who seek to catch her. While officially, she’s nothing more than a trader of ""acquired goods,"" those in the know recognize her as the Market District’s most elusive pickpocket and informant. She has a complicated relationship with Market Overseer Gerrold Dunn—he knows she’s a criminal, but she keeps her dealings just subtle enough to avoid his wrath. She considers Pip Thistledown an amusing distraction, often making bets with him over who can uncover the juiciest piece of gossip. Though she and Sniv the Unlucky operate in similar circles, she views him as a reckless fool, more likely to get caught than make a proper profit. She sells information to both the highest bidder and those she deems worthy, occasionally assisting Selene Varro’s network when the price is right. While she rarely trusts anyone, she holds a deep-seated respect for Durnik ""The Scar"" Vale, knowing that even in a city full of deception, some men keep their word.",Untitled/Renna_Swiftfingers_Lorne.webp,"Tabaxi, Female",Informant,"A sly tabaxi pickpocket and informant, always slipping between the cracks.",,,
Borin Thaldrum,NPC,Alive,Eldenhold,,,"Borin Thaldrum is the gruff but steady-handed innkeeper of the Gilded Gryphon, a broad-shouldered dwarf with a thick auburn beard streaked with gray and a permanent scowl that barely hides the warmth beneath. A former adventurer, he traded his warhammer for a tankard and now rules his bar with the same unshakable discipline he once led his old company with. He has little tolerance for troublemakers, but he prefers to resolve disputes with a glare and a warning before resorting to fists. His wife, Mara ""Ironspoon"" Thaldrum, is the only person who can overrule him, and together they keep the inn running like a well-oiled machine. Borin has a soft spot for Sniv the Unlucky, much to Mara’s chagrin, letting the goblin linger in the inn when he has nowhere else to go—though he loudly complains about it the entire time. He respects Garruk Stonefist, trusting the half-orc to handle security, and relies on Bert Nolley to keep the drinks flowing. While he’s outwardly dismissive of politics, he has a working relationship with Magister Halvar Greythorn, occasionally passing along overheard whispers that could prove useful.",Untitled/Borin_Thaldrum.webp,"Dwarf, Male",Innkeeper,A grizzled dwarf innkeeper who keeps the Gilded Gryphon running with discipline and care.,,,
"Mara ""Ironspoon"" Thaldrum",NPC,Alive,Eldenhold,,,"Mara Thaldrum is a battle-hardened dwarf with a wild mane of auburn hair always tied back in a messy bun, her sharp tongue as deadly as her throwing knives. She runs the Gilded Gryphon’s kitchen with military precision, commanding her staff with the same no-nonsense authority that made her a feared warrior in her younger days. Her legendary stews and roasted meats are famous across Valeris, but gods help anyone who steps into her kitchen uninvited. While she adores her husband, Borin, their constant bickering is the stuff of tavern legend. She despises Sniv the Unlucky and has made it her personal mission to chase him out of the kitchen with whatever blunt object is within reach. She has a working friendship with Lina Farrow, who she sees as a capable and trustworthy ally in keeping the inn running. Despite her gruff exterior, she looks out for her staff like a mother bear, ensuring that Bert Nolley and Garruk Stonefist always have a place at her table. While she pretends not to care about city affairs, she keeps an ear open for anything that might threaten the inn, especially when Selene Varro’s agents come sniffing around.",Untitled/Mara_Ironspoon_Thaldrum.webp,"Dwarf, Female",Head Chef,A battle-hardened dwarf who runs the kitchen with military precision.,,,
Lina Farrow,NPC,Alive,Eldenhold,,,"Lina Farrow is the heart of the Gilded Gryphon, a lively, sharp-witted barmaid with shoulder-length auburn hair and hazel eyes that sparkle with mischief. She has a talent for making patrons feel welcome—unless she doesn’t like them, in which case they usually find themselves on the receiving end of a withering glare and a spilled drink. While Borin Thaldrum handles the business and Mara the kitchen, Lina keeps the social gears turning, knowing every regular by name and every scandal by heart. She has a soft spot for Sniv the Unlucky, often sneaking him food when Mara isn’t looking, though she makes sure he never cheats inside the inn. She and Bert Nolley work seamlessly together behind the bar, their banter keeping the long nights entertaining. While she enjoys the chaotic energy of the Gryphon, she knows when to call Garruk Stonefist if things start getting out of hand. Lina has a talent for gathering secrets, and while she’s not officially part of Selene Varro’s network, she’s been known to trade a particularly juicy piece of gossip when the price is right.",Untitled/Lina_Farrow.webp,"Human, Female",Barmaid,"The heart of the Gilded Gryphon, making patrons feel welcome and gathering secrets.",,,
"Bertram ""Bert"" Nolley",NPC,Alive,Eldenhold,,,"Bert Nolley is a grizzled, no-nonsense bartender with a thick beard, piercing blue eyes, and a perpetual scowl that hides a surprising amount of patience. He’s been pouring drinks at the Gilded Gryphon for longer than most patrons have been alive, and in that time, he’s seen it all—fights, conspiracies, romances, and outright stupidity. His rule is simple: pay your tab, don’t start trouble, and don’t whine about the house rules. While he acts like he hates Sniv the Unlucky, constantly grumbling about throwing the little menace out, he always makes sure the goblin gets an extra splash of ale in his cup. He and Lina Farrow share an unspoken camaraderie, both keeping the bar running while dealing with the ever-growing number of ""personalities"" that pass through. Bert trusts Garruk Stonefist to handle security, though he takes a special pleasure in watching the half-orc throw out troublemakers. Despite his gruff exterior, Bert is fiercely loyal to Borin and Mara, considering them more family than employers. He has a distaste for city officials like Magister Halvar Greythorn, preferring to keep politics out of his bar—though he listens when necessary.",Untitled/Bert_Nolley.webp,"Human, Male",Bartender,"A seasoned bartender who has seen it all, running the bar with a no-nonsense attitude.",,,
Garruk Stonefist,NPC,Alive,Eldenhold,,,"Garruk Stonefist is the Gilded Gryphon’s first and final line of defense, a hulking half-orc with gray-green skin, thick tusks, and a stare that could freeze a charging ogre. While most bouncers rely on shouting and brute force, Garruk doesn’t need to—one glance from him is usually enough to send troublemakers out the door without a fight. He has been working at the Gryphon for years, and in that time, he has become more than just a hired hand—he is family. Borin and Mara Thaldrum trust him implicitly, knowing that as long as he stands at the door, no one will threaten their inn. He tolerates Sniv the Unlucky, but only barely, knowing full well the goblin’s antics could spark a bar brawl at any moment. Despite his stoic nature, he enjoys watching the back-and-forth between Bert Nolley and Lina Farrow, though he rarely gets involved. He has little patience for politics but knows enough to recognize when someone from Selene Varro’s network is sniffing around. While he doesn’t care much for noble affairs, he keeps an eye on those who frequent the Gryphon, particularly Durnik ""The Scar"" Vale, knowing that the man’s presence is rarely a coincidence.",Untitled/Garruk_Stonefist.webp,"Half-Orc, Male",Bouncer,A hulking half-orc who ensures no troublemakers enter the Gryphon.,,,
Sniv the Unlucky,NPC,Alive,"Big Titty Island, Eldenhold",,,"Sniv the Unlucky is a walking disaster, a cunning goblin with yellow eyes that dart constantly and a grin full of too many sharp teeth. A professional gambler, scam artist, and expert at barely escaping punishment, Sniv thrives in the underbelly of Valeris. He is banned from gambling inside the Gilded Gryphon, but that doesn’t stop him from roping unsuspecting travelers into ""friendly"" games of cards just outside. While Gerrold Dunn would love nothing more than to throw Sniv in Dunholm’s Hold, the goblin always finds a way to slip through the cracks. He has a particular fondness for Old Man Griggs, seeing the unhinged elf as a kindred spirit, and often sneaks into his hovel to swap nonsense and drink stolen ale. While he drives Mara Thaldrum insane, he gets along well with Lina Farrow, who finds his antics amusing and occasionally sneaks him food. Bert Nolley pretends to hate him, but Sniv knows the bartender pours a little extra into his cup when no one’s looking. He respects Garruk Stonefist enough not to test his patience—mostly. Despite his reputation, Sniv is more than just a cheat—he’s a survivor, and as long as there’s a pocket to pick or a fool to outwit, he’ll keep finding ways to stay one step ahead.",Untitled/Sniv_the_Unlucky.webp,"Goblin, Male",Gambler/Scammer,"A cunning goblin who thrives in the underworld, always scheming and gambling.",,,
Dain Emberforge,NPC,Alive,Eldenhold,,,"Dain Emberforge is a broad-shouldered, grizzled dwarf whose very presence commands respect. His deep red beard is often dusted with soot, and his arms, thick as forge hammers, bear the burns and scars of decades spent crafting weapons for the warriors of Valeris. As master blacksmith of the Iron Oath Armory, he runs the forge with unwavering discipline, ensuring that every blade, breastplate, and battleaxe that leaves his shop is worthy of legend. Dain is blunt, impatient with incompetence, and has little time for idle chatter—his focus is steel, and steel alone.

He has a begrudging respect for Garrek Steelson, whom he sees as a worthy successor if the man ever stops being so damn stubborn. While he constantly scolds Vella Dornfire for rushing her work, he secretly admires her drive and innovation, though he’d sooner die than admit it outright. Rivak the Hollow, however, is a necessary evil. Dain doesn’t trust the tiefling, nor does he like where some of the rare materials come from, but quality steel requires quality goods, and Rivak delivers. If the supplier ever crosses a line, though, Dain won’t hesitate to personally introduce him to his own anvil.

Though he avoids city politics, Dain has long provided weapons to the Valeris military, and he still has contacts within General Garric Thornvale’s ranks. He refuses to work with criminals—at least, not openly—but he’s aware that some of his best work has found its way into the hands of men like Durnik ""The Scar"" Vale. As long as they pay and don’t use his steel for cowardly deeds, Dain keeps his forge burning, his hands steady, and his eyes open.",Untitled/Dain_Emberforge.webp,"Dwarf, Male",Master Blacksmith,"A grizzled and disciplined blacksmith, crafting weapons for Valeris’ soldiers.",,,
Rivak the Hollow,NPC,Alive,Eldenhold,,,"Rivak the Hollow is a whisper of a man, his deep violet skin and curling black horns giving him an eerie, almost unnatural presence. His golden eyes hold no warmth, and his voice is always calm, controlled, and laced with carefully measured words. As the Iron Oath’s primary supplier of rare and exotic materials, he deals in metals not easily found—some legally acquired, others... less so.

Dain Emberforge tolerates him because his goods are the best, but there’s no trust between them. Garrek Steelson outright despises him, seeing him as a crook who hides behind civility. Vella Dornfire, meanwhile, watches him like a hawk, making it painfully clear she’s waiting for the day he slips up. Rivak, however, is never rattled. He finds their suspicions amusing, perhaps even flattering, and always ensures that his dealings are just clean enough to avoid trouble.

Though he keeps out of politics, Rivak has connections everywhere. He’s known to have dealings with Captain Rhogar Skyscale, smuggling certain materials via skyship, and he’s been seen speaking quietly with Selene Varro’s operatives more than once. What they discuss, only they know—but whatever it is, it’s worth keeping secret.",Untitled/Rivak_the_Hollow.webp,"Tiefling, Male",Supplier,A shadowy figure who supplies rare materials for the armory's weapons.,,,
Garrek Steelson,NPC,Alive,Eldenhold,,,"Garrek Steelson is built like a war machine, his muscled frame a testament to years spent on the battlefield before an injury forced him to trade his sword for a hammer. His sharp brown eyes, streaked with the weariness of a soldier-turned-smith, see every imperfection in the steel he works. Once a decorated fighter in the Valeris military, Garrek now serves as Dain Emberforge’s right hand at the Iron Oath Armory, using his firsthand experience with weapons to craft some of the finest blades in the kingdom.

Garrek butts heads with Dain constantly—where the old dwarf values tradition, Garrek believes in adaptability. Their arguments echo through the forge, but neither would trade the other for a lesser craftsman. He has a complicated relationship with Vella Dornfire, seeing her as reckless yet undeniably talented, and their constant competitions over who can forge the better blade have become something of a spectacle among the apprentices.

If there’s one man Garrek doesn’t trust, it’s Rivak the Hollow. He hates dealing with the tiefling supplier, convinced that one day Rivak’s ""business"" will bring trouble to the forge. He’s also wary of General Thornvale, having lost friends to the man's uncompromising commands during his military days. Despite this, he remains loyal to Valeris—just in his own way, with hammer and steel rather than rank and orders.",Untitled/Garrek_Steelson.webp,"Human, Male",Blacksmith,A former soldier who now forges weapons with precision and care.,,,
Vella Dornfire,NPC,Alive,Eldenhold,,,"Vella Dornfire is the youngest smith at the Iron Oath Armory, but what she lacks in years, she makes up for with raw talent and fiery determination. Tall and lean, with auburn hair always tied back in a loose braid, she moves around the forge with relentless energy. Her work is sharp, bold, and experimental—traits that both infuriate and impress Dain Emberforge, who constantly scolds her to ""slow the hell down"" before she burns her damn hands off.

Her rivalry with Garrek Steelson is legendary, the two constantly competing to craft the best weapons, though it’s never truly bitter. She respects his skill and knowledge, even if she thinks he’s too stuck in his ways. She, however, despises Rivak the Hollow. While the others tolerate the tiefling’s dealings, Vella refuses to trust a man who never answers a question directly. She keeps an eye on him whenever he comes to deliver goods, just waiting for the day she catches him in a lie she can use against him.

Despite her rebellious streak, Vella dreams of forging something legendary—something that will make her name last longer than any blade she crafts. She doesn’t care much for politics, but she’s noticed that Selene Varro’s agents have started taking an interest in the armory’s shipments, and that worries her more than she lets on.",Untitled/Vella_Dornfire.webp,"Human, Female",Smith,"A young and talented smith, always pushing the limits of weapon forging.",,,
Eldrin Starweave,NPC,Alive,Eldenhold,,,"Eldrin Starweave is the enigmatic proprietor of The Owl and Ember, a shop teeming with magical oddities, arcane tomes, and potions of dubious potency. Tall and slender, with silver-streaked midnight blue hair and piercing violet eyes, he carries himself with the air of a man lost in his own thoughts—because he usually is. His deep indigo robes shimmer faintly, embroidered with celestial symbols that seem to move if you stare too long.

A scholar first, a businessman second, and a conversationalist last, Eldrin often forgets what he’s saying mid-sentence, only to remember hours later and resume the conversation as if no time had passed. He is a vast well of arcane knowledge, though getting him to share it in a coherent manner is a test of patience. He is endlessly frustrated by his familiar, Nyx, a mischievous shadowy owl-like creature that delights in disorganizing his shop just to watch him struggle.

Eldrin has an uneasy but necessary relationship with Archmage Vaelios, the only mage in Valeris whose knowledge might rival his own. He respects the Sanctum’s authority but chafes at their restrictions on magic. He often provides rare components to Sister Myra Fenwick, though he insists on debating the nature of divine magic with her every time she visits. His dealings with Rivak the Hollow are purely transactional—he does not trust the tiefling’s sources, but some materials are too rare to question.

Despite his absentmindedness, Eldrin is not to be underestimated. Beneath the eccentricities lies a mage of considerable power, and those who think to take advantage of him often find themselves regretting it—if they even remember what happened afterward.",Untitled/Eldrin_Starweave.webp,"High Elf, Male",Shopkeeper,"The eccentric owner of The Owl and Ember, a shop full of magical oddities.",,,
Nyx,NPC,Alive,Eldenhold,,,"Nyx is an infuriatingly clever and endlessly smug shadowy owl-like creature that serves as Eldrin Starweave’s familiar, though ""serves"" is a generous term. With sleek black feathers, glowing violet eyes, and a penchant for speaking in riddles, Nyx delights in making Eldrin’s life as difficult as possible. He knocks over potion bottles, swaps labels on scrolls, and perches in just the right spot to ensure Eldrin trips over him at least once a day.

While he is an absolute nuisance to Eldrin, he is fiercely protective of the shop. He has been known to send would-be thieves running in terror with whispered threats that seem to come from the walls themselves. Those who try to cheat Eldrin often find their belongings inexplicably missing, or worse, their memories of the shop foggy and jumbled.

Nyx has an ongoing rivalry with Sniv the Unlucky, whom he sees as a kindred spirit of chaos but refuses to acknowledge as an equal. Their battles of wit often involve outlandish bets, illusion magic, and general mayhem—usually leaving Eldrin with a headache and a mess to clean up. He enjoys taunting Selene Varro’s spies, whispering false secrets just to see if they take the bait.

Despite his pranks, Nyx is deeply loyal to Eldrin. If anyone were to threaten the elf, they would quickly discover that the playful familiar is capable of much, much worse than simple mischief.",Untitled/Nyx.webp,"Shadowy Familiar, Male",Familiar,A mischievous owl-like creature who serves Eldrin Starweave.,,,
Father Cassiel Dornhelm,NPC,Alive,Eldenhold,,,"A human male, Father Cassiel Dornhelm is the unshakable leader of the Valeris Church, a man whose wisdom carries as much weight as his faith. His silver-streaked black hair and lined, weathered face tell of decades spent in service, carrying the burdens of others while rarely voicing his own.

Cassiel seeks balance in all things, often caught between Brother Alden Raye’s idealism and Sir Roderic Vaughn’s severity. He respects Alden’s mercy but knows it alone cannot protect the people. He values Roderic’s strength but warns against the dangers of a heart hardened beyond reason. He relies on Sister Myra Fenwick’s keen insight, often trusting her instincts when it comes to uncovering corruption within the church or nobility.

Though Cassiel’s patience is vast, it is not endless. When pushed too far, his voice alone can silence even the loudest room.",Untitled/Father_Cassiel_Dornhelm.webp,"Human, Male",Father,"The unshakable leader of the Valeris Church, balancing compassion and discipline.",,,
Brother Alden Raye,NPC,Alive,Eldenhold,,,"A human male, Brother Alden Raye is the youngest and most hopeful among the clergy, his faith rooted in mercy, redemption, and unwavering belief in the good of people. With soft brown hair and kind hazel eyes, he lacks the imposing presence of his fellow clergy, but his conviction is ironclad.

Alden clashes constantly with Sir Roderic Vaughn, believing mercy saves more souls than steel ever could. He admires Sister Myra Fenwick, who shares his desire to help others, though her methods are far more pragmatic. Father Cassiel guides him like a mentor, tempering his optimism with hard truths, though Alden often wrestles with the idea that not everyone can be saved.

Though he avoids violence when possible, Alden is no coward—when he takes a stand, he does not yield.",Untitled/Brother_Alden_Raye.webp,"Human, Male",Brother,"A young, idealistic member of the clergy who believes in mercy above all.",,,
Sister Myra Fenwick,NPC,Alive,Eldenhold,,,"A human female, Sister Myra Fenwick is a healer first, a priest second, and a problem solver always. With cropped dark hair, piercing green eyes, and a tone sharper than any blade, she has little patience for nonsense, self-pity, or grand speeches that accomplish nothing.

While she supports Alden’s compassion, she knows kindness alone won’t save the world. She and Sir Roderic Vaughn butt heads constantly, as she sees him as too rigid, too quick to draw steel when words would do. Roderic, in turn, finds her lack of deference infuriating. She is, however, one of the few people who can openly challenge Father Cassiel without immediate consequence, and while she respects him, she isn’t afraid to call out hypocrisy when she sees it.

For all her sharp edges, her hands are steady and warm when she tends to the wounded. She does what must be done—even if it means bending rules to do it.",Untitled/Sister_Myra_Fenwick.webp,"Human, Female",Sister,"A sharp-tongued priestess and healer, known for her no-nonsense attitude.",,,
Sir Roderic Vaughn,NPC,Alive,Eldenhold,,,"A human male, Sir Roderic Vaughn is discipline, duty, and steel given form. Tall, broad-shouldered, with graying blonde hair and a perpetual scowl, he exudes the unwavering authority of a knight devoted to the faith.

Roderic believes in order above all else—laws exist for a reason, and those who break them must face judgment. He sees Alden as naïve, blinded by soft-hearted hope, and finds Myra reckless, her willingness to bend rules bordering on dangerous. Despite this, he respects Cassiel without question, seeing him as the only leader capable of keeping the faith strong.

Though he seems cold, Roderic is not without a heart. He sees Alden’s unshaken belief and secretly envies it, knowing he lost his own long ago. Myra gets under his skin, but he cannot deny that her skills save as many as his sword does.

Once his loyalty is earned, it is unbreakable—but betray him, and there is no redemption.",Untitled/Sir_Roderic_Vaughn.webp,"Human, Male",Knight,"A knight who believes in absolute order and justice, valuing laws above all else.",,,
General Garric Thornvale,NPC,Alive,Eldenhold,,,"A human male, General Garric Thornvale is the unwavering force behind Valeris’ military, a seasoned commander who has led men through war and lived to tell the tale. His broad, battle-scarred frame, streaks of silver in his dark hair, and piercing steel-blue eyes leave no doubt that he is a warrior first, a leader second, and a politician only when necessary.

Thornvale is ruthless on the battlefield but fair to his soldiers. He expects excellence, not perfection, and has no patience for cowardice or insubordination. While he respects Sergeant Braska Holt’s grit, he wishes she had more discipline. He finds Wilfred ""Willy"" Greaves insufferable, though begrudgingly admits the man’s skills are invaluable. His relationship with Prison Warden Malrik Dunholm is tense—Thornvale believes in military law, not tyranny, and sees Malrik’s heavy-handed approach as dangerous.

Despite his rigid nature, Thornvale cares for his soldiers like a father, though he will never admit it. His commands are absolute, but his goal is clear—Valeris must never fall.",Untitled/General_Garric_Thornvale.webp,"Human, Male",General,"A battle-hardened leader, focused on protecting Valeris with unwavering authority.",,,
Sergeant Braska Holt,NPC,Alive,Eldenhold,,,"A half-orc female, Sergeant Braska Holt is the enforcer of discipline within the ranks, the one who turns recruits into warriors through sweat, blood, and sheer willpower. With deep green skin, piercing amber eyes, and a heavily muscled build, she commands respect simply by existing. Her voice is sharp as a blade, her commands are non-negotiable, and her ability to break the strongest-willed recruit is legendary.

Braska admires Thornvale but believes he’s too rigid. “War ain’t a rulebook,” she often tells him. She has a long-standing friendship with Wilfred ""Willy"" Greaves, often groaning at his antics but secretly appreciating his ability to get results his way. Malrik Dunholm, on the other hand, is everything she despises—a man who sees power as a tool for cruelty instead of protection.

Despite her rough demeanor, Braska cares deeply for her soldiers—not in words, but in actions. She’s the first to patch up a wounded recruit, the first to pull a soldier out of the mud, and the last to leave the field.",Untitled/Sergeant_Braska_Holt.webp,"Half-Orc, Female",Sergeant,"The enforcer of discipline within the ranks, known for her tough love approach.",,,
"Wilfred ""Willy"" Greaves",NPC,Alive,Eldenhold,,,"A halfling male, Wilfred ""Willy"" Greaves is a scout, a spy, and a walking headache for every commanding officer above him. Short and wiry, with unkempt sandy hair, a perpetual smirk, and a devil-may-care attitude, Willy excels at what he does—gathering intelligence, infiltrating enemy lines, and escaping when no one else can.

Willy drives General Thornvale insane, often referring to him as ""old man"" just to see his jaw twitch. Sergeant Braska Holt, however, lets him get away with more than she should, knowing that his methods, though unconventional, have saved lives. His relationship with Malrik Dunholm is outright hostile—Willy mockingly calls him ""The Dungeon King,"" and Malrik has nearly thrown him into a cell more than once.

Though Willy laughs at rules and mocks authority, he isn’t reckless—just pragmatic. “You fight when you have to, you run when you need to, and you steal the enemy’s dinner while you’re at it.”",Untitled/Wilfred_Willy_Greaves.webp,"Halfling, Male",Scout,"A cheeky and unconventional scout, gathering intelligence with unorthodox methods.",,,
Malrik Dunholm,NPC,Alive,Eldenhold,,,"A dwarf male, Malrik Dunholm rules the Valeris prison with an iron fist—sometimes literally. With a thick, jet-black beard, a shaved head, and arms as solid as iron bars, he embodies the concept of law as absolute.

Malrik believes in punishment fitting the crime, though his idea of “fitting” is often extreme. The guilty suffer, the weak fall, and only the strong endure. He sees General Thornvale as too lenient, Braska Holt as too reckless, and Wilfred Greaves as a waste of a uniform. “Soldiers fight. Spies skulk. I know which I respect.”

Despite his harsh nature, Malrik is not corrupt. He truly believes he protects Valeris by keeping its criminals caged—he just has no sympathy for those who fail to meet his standard.",Untitled/Malrik_Dunholm.webp,"Dwarf, Male",Prison Warden,A tyrannical warden who believes in absolute punishment.,,,
"Durnik ""The Scar"" Vale",NPC,Alive,Eldenhold,,,"Durnik ""The Scar"" Vale is the weathered and calculating human owner of The Broken Dagger. His scarred face and watchful eyes betray a past steeped in violence, though these days, he’s more concerned with maintaining control over the seediest bar in Valeris than wielding a blade himself. A former mercenary, he now acts as a neutral broker for thieves, assassins, and those looking to deal in secrets. He has an unspoken truce with Selene Varro, who allows his establishment to exist so long as he feeds her network information when needed. He keeps Silas Crowne close, though he doesn’t trust him, knowing the rogue plays too many sides. His most pressing concern is Lazari ""Rat"" Fenwick, the goblin snitch who constantly skitters around, selling secrets to whoever pays—Durnik hasn’t decided yet whether Rat is more useful alive or dead.",Untitled/Durnik_The_Scar_Vale.webp,"Human, Male",Innkeeper,A weathered and calculating former mercenary who runs the seediest bar in Valeris.,,,
"Lazari ""Rat"" Fenwick",NPC,Alive,Eldenhold,,,"Lazari ""Rat"" Fenwick is a wiry, slippery goblin with twitchy fingers and an even twitchier mind. He thrives on secrets and the fear of being caught, selling information to whoever will pay, even if it means playing two sides of the same fight. While Durnik tolerates him for now, Selene Varro has personally warned Rat about selling information outside her network—he may have just enough sense to listen, but only time will tell. He’s terrified of Veyna ""The Ghost"" Kael, convinced she’s watching him even when she’s nowhere to be seen. The only person he trusts, if you could call it that, is Sniv the Unlucky, who he often meets in dark alleyways to swap gossip and gold. He and Sniv work together to smuggle contraband into the city, though Rat is careful not to cross Gerrold Dunn, who would have him locked up in Dunholm’s Hold without hesitation.",Untitled/Lazari_Rat_Fenwick.webp,"Goblin, Male",Informant,"A slippery goblin dealer of secrets, thriving on deception and danger.",,,
Silas Crowne,NPC,Alive,Eldenhold,,,"Silas Crowne is a smooth-talking human rogue who deals in deception like a gambler deals cards—effortlessly and always with a winning hand. A master of disguise and social maneuvering, Silas is known to work with multiple factions, often playing them against each other for personal gain. He has deep ties to Elyssa Dorne, sometimes acting as her eyes and ears in the slums, though neither fully trusts the other. His relationship with Durnik is one of mutual exploitation—Silas gets information, Durnik gets paid. His casual charm hides a sharp mind, one that’s always calculating the risks and rewards of betrayal. Selene Varro keeps a wary eye on him, suspecting he’s involved in something bigger than just backroom deals and stolen coin.",Untitled/Silas_Crowne.webp,"Human, Male",Rogue,A smooth-talking rogue who manipulates factions and plays them against each other.,,,
"Veyna ""The Ghost"" Kael",NPC,Alive,Unknown,,,"Veyna ""The Ghost"" Kael is a drow assassin whose name is whispered with fear in Valeris’ underworld. She moves unseen, striking targets with precision and disappearing before anyone realizes she was even there. Her motives remain elusive, though it’s believed she works for an unknown benefactor outside the city. Durnik allows her to operate in The Broken Dagger, but only under strict terms—no business within his walls, no exceptions. Rat Fenwick avoids her at all costs, convinced he’s next on her list, while Silas Crowne has tried (and failed) to pry into her past. The most curious relationship she has is with Kaela Voss, the bounty hunter who once tracked her but let her go. There is an uneasy respect between them, though whether it will lead to another confrontation remains to be seen.",Untitled/Veyna_The_Ghost_Kael.webp,"Drow, Female",Assassin,"A deadly and silent assassin, feared by the underworld of Valeris.",,,
Kaela Voss,NPC,Alive,Sylvara,,,"Kaela Voss is a half-orc bounty hunter whose reputation in Valeris is equal parts legend and cautionary tale. Tall and broad-shouldered, with dark green skin, piercing amber eyes, and scars that map out a history of hard-won fights, she carries herself with the confidence of someone who has never lost a hunt. Wrapped in a tattered but sturdy leather coat, with a pair of matched axes strapped to her back, Kaela is as much a storyteller as she is a hunter.

She has spent years tracking dangerous criminals, deserters, and fugitives across Sunspire, and when she’s not on a job, she can often be found in taverns like the Gilded Gryphon, swapping bounty tales for drinks. Despite her gruff and sarcastic demeanor, Kaela has a strong sense of justice—she hunts those who deserve it, not those with the fattest purses. She has a deep respect for General Garric Thornvale, having worked with the military on several high-profile captures, but has little patience for the likes of Prison Warden Malrik Dunholm, whom she considers needlessly cruel.

Kaela has a long and complicated history with Veyna ""The Ghost"" Kael, having once been contracted to capture her. The job failed—not because Kaela lacked skill, but because Veyna had been set up. Rather than turning her in, Kaela let her go, creating a silent understanding between them. While they haven’t crossed paths in years, they both know their next meeting could just as easily be a reunion—or a battle to the death.

For all her strength and skill, Kaela carries herself as someone who laughs in the face of death—not because she isn’t afraid of it, but because she knows one day, it will catch up to her. Until then, she intends to drink, fight, and tell as many stories as she can before the last hunt finally finds her.",Untitled/Kaela_Voss.webp,"Half-Orc, Female",Bounty Hunter,A legendary bounty hunter who never loses a hunt and is known for her strength and skill.,,,
Magister Halvar Greythorn,NPC,Alive,Eldenhold,,,"Magister Halvar Greythorn is a human magistrate whose presence in Valeris is as unyielding as the laws he enforces. A tall, severe-looking man with iron-gray hair slicked back in strict order and a posture that never slouches, Halvar embodies discipline and order. His sharp blue eyes are calculating, missing nothing, and his deep navy robes are always immaculate, a stark contrast to the filth and corruption he constantly fights to root out.

As the highest arbiter of law in Valeris, Halvar is feared by criminals and respected by the nobility. He detests the lawlessness of the Broken Dagger, seeing it as a festering wound on the city’s reputation. He has clashed with Durnik ""The Scar"" Vale many times, but Durnik remains just careful enough to avoid outright breaking the laws Halvar enforces.

Halvar maintains a tense alliance with Master of Whispers Selene Varro. Though he dislikes spies and their methods, he knows that information is often the sharpest blade in his arsenal. The two share a mutual understanding—Halvar keeps things legally clean, while Selene deals with what the law cannot touch. They have never fully trusted one another, but both acknowledge that Valeris would be worse off without their combined efforts.

Despite his cold and calculating nature, Halvar is not corrupt. He truly believes in justice, and though his methods are harsh, his rulings are always fair. His presence is a reminder that while the streets may be filled with crime and deception, the Queen’s law still holds power.",Untitled/Magister_Halvar_Greythorn.webp,"Human, Male",Magistrate,A strict and calculating magistrate who enforces the law in Valeris.,,,
Elyssa Dorne,NPC,Alive,Eldenhold,,,"Elyssa Dorne is a human noblewoman of wealth and mystery, known both for her generosity and the whispered rumors that follow her every move. With dark chestnut hair elegantly braided, and piercing blue-gray eyes that see too much, she is an enigma wrapped in silken dresses and carefully measured smiles. Though she plays the part of a gracious philanthropist, those who watch closely know she moves like a strategist playing a game no one else can see.

Elyssa funds hospitals, orphanages, and public projects, always presenting herself as a noblewoman who cares for the people. Yet, beneath that kindness, she is watching, listening, waiting. Father Cassiel Dornhelm appreciates her financial support but questions her motives, wondering if her generosity is true faith or calculated investment. Selene Varro keeps an eye on her as well, suspecting Elyssa of backing secret causes that could shift power within Valeris.

Despite her reputation among the nobility, Elyssa is known to venture into the slums, though no one quite knows why. Some whisper that she is involved with criminal elements, while others believe she is simply gathering secrets more valuable than gold. What is certain is that Elyssa Dorne is not simply a noblewoman playing charity—she is a force moving in the shadows, and one day, the kingdom will feel the weight of whatever she is planning.",Untitled/Elyssa_Dorne.webp,"Human, Female",Noblewoman,A philanthropic noblewoman who plays the long game of politics.,,,
Old Man Griggs,NPC,Alive,Eldenhold,,,"""Old Man Griggs"" is a mystery in elven skin, a weathered elf who claims to remember things no living man should. With wild, unkempt silver hair, and pale, milky eyes that see far too much, he is often dismissed as a drunken madman by those who pass him on the streets. But those who listen—really listen—know his words carry fragments of forgotten truths.

Griggs spends most of his time wandering between taverns, the marketplace, and the outskirts of the Arcane Sanctum, muttering about ""the past that never was"" and ""the future that was stolen."" He speaks in riddles, often predicting events before they happen, but never in a way that can be easily understood.

Despite his disheveled appearance, there is something unnerving about Griggs. He avoids Archmage Vaelios, who seems to know more about him than he lets on, and Selene Varro has been seen watching him from the shadows more than once. Some say he was once a great scholar, while others believe he is something not entirely mortal, trapped in a body that refuses to age properly. Whatever the truth, one thing is certain—Old Man Griggs knows things no one should know, and those who listen too closely may not like what they hear.",Untitled/Old_Man_Griggs.webp,"Elf, Male",Prophet,"A drunken prophet with unkempt silver hair and pale eyes, speaking of forgotten truths.",,,
Captain Rhogar Skyscale,PC,Alive,Sylvara,,Azrul (../Matt%20Boyd's%20Notion%20HQ/1230400fbd458171936000421537b5b0/Sunspire/DM%20Notes/%F0%9F%94%A7%20Data%20%E2%80%94%20Tracy%20Integration/Characters/Azrul%202a00400fbd4581fd9c2fdab33c23b51e.csv),"Captain Rhogar Skyscale is a bronze dragonborn with a sharp grin, a sharper sword, and the sharpest wit in Valeris. Once a proud naval officer, Rhogar now sails the skies as the captain of the Storm Wraith, a skyship that answers to no kingdom. With gilded bronze scales that shimmer under torchlight and a long scar across his snout, he is both charismatic and dangerous, a man who plays by his own rules.

Once a hero of the Valerian Navy, Rhogar’s reckless tactics and defiance of orders led to his dishonorable discharge. Rather than lick his wounds, he turned to smuggling, sky piracy, and the occasional mercenary contract, running goods and secrets across the continent. He still has connections within the military, though General Garric Thornvale would rather see him hanged than pardoned.

Rhogar has strong ties to Wilfred ""Willy"" Greaves, often employing the halfling scout for jobs that require subtlety. He also has dealings with Rivak the Hollow, though their partnership is tense at best—Rhogar doesn’t trust magic, and Rivak doesn’t trust anyone.

Despite his outlaw reputation, Rhogar isn’t a villain. He has his own sense of honor, helping those in need when it suits him. But at the end of the day, he is a man of the sky, bound to nothing but the wind and the weight of his own legend.",Untitled/Captain_Rhogar_Skyscale.webp,"Dragonborn, Male",Skyship Captain,A former naval officer turned sky pirate with a sharp wit and sharper sword.,,Rogue,
Mruno Bars,PC,Alive,Sylvara,,,"Comes from the Deadlands, rushing away as fast as he can. In hot pursuit is a band of misfits- The Mythic Golden Minotaur Grand Guild who seem to want a pound of my flesh... Saying I owe them money or something hahahaha...hahaha ha. I travel the world to spread my music and the legs of any damsel who will let me. Not much is known about me, but my fabled Musical Troupe- The Silken Sonic- is known far and wide for bringing the best music and entertainment to the lands. Without their forerunner, how will the band stay together? ",Untitled/Mruno.png,Tiefling,Bard,,,Bard,The Silken Sonic Musical Troupe
Grenak Goateater,PC,Alive,Sylvara,,Reese (../Matt%20Boyd's%20Notion%20HQ/1230400fbd458171936000421537b5b0/Sunspire/DM%20Notes/%F0%9F%94%A7%20Data%20%E2%80%94%20Tracy%20Integration/Characters/Reese%202a00400fbd45810990befdf73208d4c3.csv),"Grenak hails from a lovely village settled on rolling hills with scattering boulders and sheep. And Grenak, being a handsome and strong orc, finds himself yearning for a bride. A beautiful lady orc. And Grenak has his eye on the most beautiful lady orc of all, Bertha. The largest, most voluptuous lady Orc in all the village. And nothing but the best will do for his intended bethrothed. In his village's tradition, it is customary to present a demon skull to your intended, the bigger the better. And as Bertha is the largest and most coveted of all the Orcs in Fergenstoren Village, Grenak must find the largest demon he could possibly identify and remove his head, dragging the skull back to his one and only bethrothed. So off he left, traveling the lands in search of the biggest demon he can find. 

During his journeys, he came across a handsome traveler named Reese, with a burning intent to kill demons. This is entertaining to Grenak and Reese's fighting skills impress him. Also, Reese enjoys a good drink, as does Grenak. Therefore Grenak has decided to travel with Reese, because there is nothing more that Grenak loves than killing demons and tavern brawling. 

And so their adventure begins. ",Untitled/Grenak.png,Orc,Barbarian,,,,
Reese,PC,MIA,Unknown,,Grenak Goateater (../Matt%20Boyd's%20Notion%20HQ/1230400fbd458171936000421537b5b0/Sunspire/DM%20Notes/%F0%9F%94%A7%20Data%20%E2%80%94%20Tracy%20Integration/Characters/Grenak%20Goateater%202a00400fbd45816b833bfb50aefb33d8.csv),,Untitled/Reese.webp,Eladrin,Warlock,,,Warlock,
Valen Silverpalm,PC,Alive,Sylvara,,,"A wanderer by birth, Valen Silverpalm was born to an elven mother and human father who were nomadic traders. From his youngest days, Valen has traveled all the kingdoms of SunSpire.
   Valen is what he appears. He is a man of fairness and even temper who is dedicated to protecting those who cannot protect themselves. Through his travels, he has helped many people and developed many skills.  As a young man, he became an accomplished carpenter as he learned to repair the wagons, rafts, and boats used by his family to move goods across the lands. In more recent years, he has become a brewer of fine ales, which he often overindulges in.
He was a young merchant when the Infernal Invasion fell upon the land. During those dark days, he witnessed many atrocities and acts of valor. He used his extensive knowledge of the lands of SunSpire and many contacts to help the countless refugees as best he could. Due to his efforts, many families were reunited, and many innocent lives were saved.
After the war, Valen was a changed man. He no longer cared for the life of a wealthy merchant. The battles between the gods, leaving mortals in the middle, had greatly disturbed him. He started to reason there must be one unifying power more powerful than the gods. After all, something had to have created the gods. Valen set out to discover this power and use it to end the gods' tyranny over man.
Valen has taken up the life of a lone traveling monk. He speaks to any who will listen of the one true power. He uses his many skills, and sometimes his abilities with the staff, to help those in need. But ever at the back of his mind is his quest to free the people of the will of the gods.",Untitled/Valen.png,Half-Elf,Monk,,,Monk,
Kelsynk Tchotcke,PC,Alive,Eldenhold,,,"Kelsynk is a resourceful artificer, using his knack for tinkering to craft gadgets and contraptions from the wreckage of the world around him.  He is interested in the things others toss aside—the scraps no one thinks twice about. A discarded spring, an old shard of glass, a broken tool… to most, it's trash; to him, it's potential. These are the bones of new inventions, the foundations of clever traps, or weapons that could turn the tide of battle. Each gadget a self-proclaimed work of intricate design, each one pushing the boundaries of goblin ingenuity. He does not just make things to blow up (though sometimes that was part of the fun), he makes things that solve problems, open doors, or uncover secrets hidden deep in the earth.

So, while others may chase after power, Kelsynk’s eyes are set on something far more valuable: the knowledge of the past, and the ingenuity of forgotten civilizations. And if he happens to collect a few shiny trinkets along the way, well... that's just the ""prize"" of doing business.

Kelsynk Tchotcke may not be the loudest or the flashiest, but in the ruins of the Deadlands, it’s the quiet ones who make off with the biggest prizes. He’ll keep taking, keep learning, until he’s uncovered every last secret buried beneath the earth.",Untitled/Kelsynck.jpg,Goblin,Artificer,,,Artificer,
Gale,PC,Alive,Eldenhold,,,"Allies:
Tara the tressym is far more than Gale’s pet; she has been his only advisor and friend since he was brought low by the orb. Tease him though she might, Tara will do everything she can to keep Gale safe. Just don't say she’s a cat.

Backstory:
 What’s a god to a world-class wizard? Gale was once a formidable archmage in Waterdeep, but pushed his relationship with the goddess Mystra too far. Not satisfied with being her lover, Gale tried to impress her further and meddled with powers beyond even his abilities, his attempt leaving him cursed with an orb of Netherese magic trapped inside his body. The cataclysmic power of the orb has turned Gale into a weapon capable of annihilating an entire city, should he fail to control himself.

Wracked with shame for his hubris, Gale retreated to his tower – first out of self-pity, and then out of necessity. His research led him to a means of keeping the orb's power contained, but only temporarily. Now, with the threat of ceremorphosis looming large can Gale see off both of the grim fates lurking within him, or is he doomed at every turn?",Untitled/Gale.jpeg,Human,Wizard,,,Wizard,
Jimmy,PC,Alive,Eldenhold,,,"He is alittle boy. Has a secret friend, Timmy that is a shadowed entity that only comes out when Jimmy needs help",,Human,Warlock,,,,
Roland Blackstone,PC,Alive,Sylvara,,,"“Ashreach burned. My brothers vanished. I’m the only one left to remember.”
Twenty years ago, Roland fought in the Infernal War, stationed at Ashreach Hill, a strategic outpost near the Deadlands. His company was wiped out during a brutal attack by a demonic entity whispered to be The Towerheart.
When Roland awoke, everyone was gone—no bodies, no blood, just silence. The only remnant was a cracked warhorn—his best friend's.
Though the war ended, Roland never found peace. He believes The Towerheart escaped and is still active. For two decades, he's hunted leads, deciphered infernal symbols, and trained relentlessly to end what was started on that hill.",Untitled/Roland.png,Human,Ranger,,,Ranger,Valerian Guard
Azrul,PC,Alive,Unknown,,Captain Rhogar Skyscale (../Matt%20Boyd's%20Notion%20HQ/1230400fbd458171936000421537b5b0/Sunspire/DM%20Notes/%F0%9F%94%A7%20Data%20%E2%80%94%20Tracy%20Integration/Characters/Captain%20Rhogar%20Skyscale%201950400fbd458061ab4dd99f5a8f0fff.csv),Azrul was a Chaplain for the Valarian Guard and was friends with Captain Rhogar Skyscale.  He left the Valarian Guard and took one of their Airships.,Untitled/Azrul.jpeg,Elf,Cleric,,,Cleric,Valarian Guard
Lady Arabelle Thorne,NPC,Alive,Valeria,Champion,,,Untitled/Lady_Arabelle_Thorne.webp,Human,"Lady Arabelle represents strength and unity. She is often seen as the de facto leader of the champions, balancing diplomacy with action.","Pragmatic, decisive, and fiercely protective of her people. She has a stern demeanor but carries the weight of past decisions and the lives lost under her command during the infernal invasion.","A tall, commanding woman in her mid-40s with piercing blue eyes and streaks of silver in her dark hair. She wears a blend of practical armor and regal finery, symbolizing her dual role as a warrior and leader.",Paladin/Fighter,
Elyndor Faelithil,NPC,Alive,Sylvara,Champion,,,Untitled/Elyndor_Faelithil.webp,Elf,"Elyndor acts as the magical expert among the champions, providing strategic insight and powerful arcane defenses.","Wise and contemplative, Elyndor often prefers observation over action but is decisive when necessary. He is a staunch believer in balance and the protection of nature.",A striking high elf with silvery hair that shimmers like moonlight and glowing violet eyes. His elegant robes of green and gold are inscribed with glowing runes.,Wizard (School of Abjuration) / Fighter (Eldritch Knight),
Thragar Ironfist,NPC,Alive,Karak Thul,Champion,,,Untitled/Thragar_Ironfist.webp,Dwarf,"Thragar is the group’s craftsman and a formidable frontline defender, often acting as the moral compass in moments of doubt.","Stoic and blunt, Thragar values action over words and has little patience for indecision. Beneath his gruff exterior lies a deep sense of loyalty and honor.","A stocky, broad-shouldered dwarf with a thick, fiery red beard and piercing gray eyes. His intricately crafted plate armor glows faintly with divine energy.",Forge Cleric / Fighter (Battle Master),
"Krivahn ""The Verdant Fang""",NPC,Alive,Mireholm,Champion,,,Untitled/Krivahn_The_Verdant_Fang.webp,Lizardfolk,"Krivahn is the guardian of nature within the group, blending raw strength with shamanic wisdom.","Stoic and deeply spiritual, Krivahn is a protector of nature and balance. She speaks only when necessary, but her words carry weight","A towering crocodilian Beastfolk with emerald-green scales and golden eyes. Her gear is crafted from the natural resources of Mireholm, adorned with charms and talismans.",Barbarian (Path of the Ancestral Guardian) / Druid (Circle of the Land - Swamp),
Merribelle Fairburrow,NPC,Alive,Greenhollow,Champion,,,Untitled/Merribelle_Fairburrow.webp,Halfling,"Merribelle is the strategist and diplomat, often finding unconventional solutions to problems.","Lighthearted and clever, Merribelle often uses humor to diffuse tension. Beneath her cheerful demeanor lies a sharp mind and unshakable resolve.","A cheerful halfling with curly auburn hair and a freckled face. She wears practical clothing with a finely crafted leather vest adorned with small trinkets.
",Rogue (Mastermind) / Bard (College of Lore),
"Gorrath ""The Unyielding""",NPC,,Thra'Zul,Champion,,,Untitled/Gorrath_The_Unyielding.webp,Orc,The party’s unbreakable frontline — a wall of muscle and willpower that no enemy gets past without bleeding for it.,"Grim, disciplined, and utterly resolute. Gorrath believes strength is earned through pain and endurance. He rarely speaks, but when he does, it’s either a battle cry or a warning. He is the immovable rock among a sea of chaos.","A hulking orc clad in ancient, battered armor engraved with battle scars. His crimson eyes glare beneath a heavy brow, and deep scars crisscross his face. His axe looks like it’s been cleaving skulls for decades.",Barbarian (Path of the Juggernaut),
Grizzik the Embered,NPC,,Skarggmar,Champion,,,Untitled/Grizzik_the_Embered.webp,Goblin,The wildcard and magical nuke of the party. Grizzik’s presence means the battlefield could shift at any moment — for better or worse.,"Unhinged, unpredictable, and delightfully chaotic. Grizzik thrives on mayhem, laughs in the face of danger (and sometimes reality), and solves problems with fire... usually a lot of it. Despite her madness, she’s fiercely loyal to her companions in her own warped way.","A wiry goblin with jagged teeth and glowing orange eyes. Her patchwork robes are scorched and crackling with unstable energy. Trinkets, bones, and arcane charms hang from her ears and wrists, some still smoking from her last magical outburst.",Sorcerer (Wild Magic) / Warlock (The Fiend),